code_dept,css_moyenne_2023
59,104150.29459791667
60,22038.75644375
62,52136.01483125
80,17923.11890625
